CACNG8	342.350901574249	4.23584905398975	0.20908046073272504	20.2594208906235	2.933930709377608e-91	1.7472195185367493e-88
TUBB3	296.76840373249803	-5.682252331046669	0.288537481356079	-19.6932901207185	2.4616915027885088e-86	1.3487115405477694e-83
CPLX2	1341.71546351289	10.220377299099699	0.5234199682501041	19.526150928609894	6.581719530973337e-85	3.219636157705059e-82
KIAA0408	357.127818859284	-7.7030911040032315	0.4168878640507671	-18.4776093723495	3.127344300668318e-76	1.2598598495956994e-73
ATP1A3	2117.17189955899	2.27218853701915	0.124259180094031	18.2858806512301	1.0721779954904293e-74	3.969087028170928e-72
C1orf95	352.823043052496	5.07393168277461	0.281520286051219	18.0233252599476	1.2782433682518196e-72	4.489256260242358e-70
SCHIP1	236.86652256061402	-3.63149101596366	0.211686061213906	-17.155078587314698	5.759210045354498e-66	1.57767799982441e-63
DIRAS1	429.150404571267	3.047017731228069	0.181205194410082	16.815289104419502	1.8857040051208887e-63	4.7830532885445885e-61
NPTXR	1197.70577446844	3.56942465706227	0.21270510602943304	16.7810953093357	3.35588847711528e-63	8.35738263109964e-61
PACSIN1	1077.25283982765	2.2882144236661204	0.136797455821981	16.7270247090256	8.329666003292918e-63	2.037347057983989e-60
LSAMP	538.967230775193	2.81111464310532	0.16872616527275194	16.6608103643028	2.5257890035190194e-62	6.069426663368408e-60
SHC3	543.938280101072	-3.28498113459885	0.19904066351519606	-16.5040704576834	3.4297358859959e-61	7.829515405080977e-59
KIAA1644	260.762823466906	3.51312538264059	0.225797554200268	15.558739752888	1.3880510667546798e-54	2.64057436963039e-52
FRRS1L	433.187880595957	3.84107589431016	0.247859957539999	15.4969601884576	3.6369694184469195e-54	6.824050701981847e-52
KCNJ9	377.47576368489405	3.04295720633027	0.19866395034754294	15.31710811653	5.87749020970389e-53	1.0455062779521297e-50
ATCAY	611.09063165928	2.31232954276775	0.15165545878121398	15.2472555973316	1.71699585606736e-52	2.939711530069329e-50
ELAVL3	348.062177419375	2.49267631292573	0.16501799655115698	15.1054816142613	1.4901364794731995e-51	2.42980944754101e-49
NAP1L5	296.528960668754	2.58039310287265	0.176031124728408	14.6587321239573	1.1846440024851294e-48	1.71378891462295e-46
KCTD16	216.847221494641	3.79704577769884	0.259033672740035	14.6585026476829	1.1886540621244096e-48	1.71378891462295e-46
OPCML	451.628153678188	2.67212221268537	0.18438443351663	14.4921247511079	1.3587385227846596e-47	1.91862283985376e-45
CAMK2A	3249.94956457635	2.121543434453	0.14701469945076198	14.430825232979801	3.310957364628889e-47	4.5350183023321896e-45
SVOP	236.719964930407	8.037225437985692	0.5727464843857359	14.0327800468396	9.82243019379949e-45	1.1869840598017894e-42
SHISA9	153.522472251916	3.4535060038284904	0.25017211147162804	13.804520350063699	2.3936037197751893e-43	2.6654626138016894e-41
PMP2	225.49638024733798	3.38644864891456	0.24856749625790905	13.6238595146038	2.8888801620149497e-42	3.0205337083296698e-40
CLCN4	395.42083871793295	2.70679347182891	0.204481499043002	13.2373514694338	5.33989112340349e-40	5.04417163567294e-38
CDK5R2	247.835904147375	2.4158694974099704	0.185210905723726	13.043883609173903	6.885823120228029e-39	6.204942057747579e-37
CACNG3	237.556821901278	2.50209829313634	0.19186093644197896	13.0412075513506	7.131846083135229e-39	6.38463371246426e-37
SLC1A2	2025.78403773855	3.0759078422425	0.23597216737618104	13.035045092156803	7.732129309706459e-39	6.87707630876944e-37
CALN1	146.485855204611	3.85222749760585	0.29587837902693104	13.019631614431699	9.46263125193159e-39	8.30831155498122e-37
NPTX1	793.276840244357	1.99223238867038	0.15382217045127694	12.9515295670686	2.3031875013359997e-38	1.98407290602511e-36
RPH3A	1022.3758295609399	2.0580288080700098	0.159534936620602	12.900176297837	4.4906863930246797e-38	3.79684762501599e-36
SPRN	112.384912609695	6.08676179283618	0.47463552756055	12.8240753997491	1.2021204273006499e-37	9.918941863094539e-36
PNMA3	148.509784411568	7.47214349264351	0.5869509888460172	12.7304385453617	4.00582862463892e-37	3.18999038788833e-35
SYP	2211.4736944251504	1.48872345639674	0.117635058852059	12.655440231206901	1.04388771180662e-36	8.078033455987229e-35
KCNJ6	105.53375015861	3.92277116412627	0.311442690778635	12.5954831507492	2.2358665339555497e-36	1.6464873072897401e-34
CDK5R1	569.08907075883	2.41004889231479	0.194467611039853	12.3930606203667	2.8495646895954603e-35	1.9418153011636303e-33
NOVA2	211.61013476674802	2.58026760766884	0.20964474443282105	12.307809645548598	8.222447350365659e-35	5.49379811502236e-33
GALNT9	122.59749215971901	7.211885294781999	0.5963420742113621	12.0935375963861	1.1425874356090899e-33	7.146127902072e-32
TNR	502.337393033074	2.2726004563346898	0.190994242188454	11.8987904048559	1.2007493497243502e-32	7.05865400994607e-31
B3GAT1	764.205690397034	1.7447441210230905	0.147407830983674	11.8361698247655	2.53780255376854e-32	1.4666785476357696e-30
NMNAT2	536.7368854947118	2.5362305179395497	0.21723216499648296	11.675207113001099	1.70649600177274e-31	9.463107585538928e-30
FUT9	276.147036964479	2.69604898172433	0.231334426239102	11.654335351443804	2.1807533412295693e-31	1.1995894985872093e-29
NECAB1	629.060459571343	2.19130910081618	0.188690693359575	11.6132336036328	3.5300846587329693e-31	1.91112923204212e-29
SPOCK1	701.0316950641319	1.88967933743254	0.164135275222597	11.5129385494361	1.13542353381292e-30	5.93583822237999e-29
SYT7	534.3095109037259	2.18143744732898	0.19017731438083	11.470545024947901	1.85487323656354e-30	9.51543023266324e-29
EFNB3	148.775920352195	2.94593875940746	0.257805036226025	11.427002367885	3.0650801318494803e-30	1.54347068257141e-28
C1orf61	349.0547734275541	1.91560651138872	0.16787572944651702	11.4108603888391	3.6906056777340996e-30	1.8448987579534296e-28
HCN2	212.698709363892	2.72470902876743	0.24085961102453105	11.3124363905492	1.13882603116899e-29	5.55106766865539e-28
SLC17A7	2268.20373852994	1.8458619426424097	0.16532040242818302	11.1653608116776	6.02460833909712e-29	2.83570654366368e-27
FBXL16	1812.12261952158	1.826433614575	0.164087903249566	11.1308242619026	8.881044239549541e-29	4.10958320774021e-27
IL17D	100.461492567669	3.10252022871414	0.27956159844581	11.0978054423864	1.2856188344502198e-28	5.90910106559218e-27
RNF157	504.9114143883191	1.65371477070154	0.149336491024587	11.0737486822914	1.6821355765128896e-28	7.629208937581809e-27
KCNQ3	415.926500853562	2.40995083139196	0.21774695826854	11.067667032206499	1.8002635320106101e-28	8.138022969620249e-27
RBFOX1	671.177330485494	1.81585759749147	0.16441699389165698	11.0442208832016	2.33786868161364e-28	1.04305496195642e-26
PALM2	96.7929780765428	3.1036163413384403	0.283374676414712	10.952341898033199	6.475150640082008e-28	2.83355074495857e-26
NKAIN2	113.2753036328	2.8698687926503803	0.2635448766742711	10.8894880783336	1.2936538778646499e-27	5.51999288632776e-26
PAK3	347.649751015486	2.52254057240178	0.23214594903971106	10.8661838935224	1.67042379640058e-27	7.03993684286114e-26
CECR6	73.57626756945909	3.8454166405272	0.35792053452176004	10.7437720656774	6.33999214371531e-27	2.5691974080612e-25
KIAA1549L	781.3000999787912	2.1074968155152	0.199084734023854	10.5859287797661	3.46328841212682e-26	1.34763242559378e-24
CELF4	484.874458799617	1.84934756731985	0.176050724903292	10.5046290967318	8.22454676493433e-26	3.11192312263275e-24
KIAA0513	874.920256483777	2.1916049844230603	0.21172725003515	10.351076604731901	4.13806047860476e-25	1.51548166779276e-23
XKR4	89.08005950944141	3.92577500544592	0.380641191599924	10.3135842680214	6.11762564221346e-25	2.2226291358460892e-23
ADCY1	874.807652350391	2.40419734090834	0.235610392595746	10.2041226383141	1.90030819777905e-24	6.7083818002525e-23
YPEL4	63.45240836424729	6.36691919607059	0.624517856843418	10.194935383035697	2.08883391100731e-24	7.354950662999258e-23
SYT11	1588.81747433811	1.4454882310946202	0.142821945150126	10.120911247744301	4.4624144043599505e-24	1.5552592899877396e-22
SERP2	59.111077381253004	6.29757132442089	0.62572586323796	10.0644254847206	7.934925077843879e-24	2.72392653612099e-22
LHFPL4	132.537190572683	-2.3438746518919102	0.233208496766828	-10.050554265333698	9.13521515088206e-24	3.120325234953409e-22
GRIN1	1580.15589052936	1.33867089363503	0.133768411457911	10.0073767718788	1.4145350453013694e-23	4.73713606735767e-22
GPR123	150.068826260166	2.57966415565539	0.258955173320026	9.96181741643504	2.23931139283178e-23	7.33776271474087e-22
KCNA1	143.07728720373996	2.4146452977468704	0.24266460961018	9.950545741407419	2.5080400904641104e-23	8.198717212192577e-22
SLC35F1	192.02643486665298	2.00975252025307	0.20282788771163104	9.90865971601705	3.8173252415160995e-23	1.22163326712724e-21
RTN4RL2	57.977793981496895	6.23917868792627	0.6299237243158841	9.90465741658198	3.97329430883349e-23	1.2685830337550696e-21
ATP2B3	217.58627289167597	2.07020259865621	0.20913267754025	9.89899150627847	4.2049377574889e-23	1.3363116581049999e-21
RIMKLA	165.069618119435	2.24042096786827	0.226580529061124	9.8879677664795	4.6946107177235785e-23	1.4850365589067e-21
SBK1	84.62245453605951	3.3492207493090898	0.339716133240357	9.858880464000348	6.274507117628299e-23	1.97114504564575e-21
DLGAP2	169.111200910554	2.7615549671474504	0.288236925524394	9.580850760614073	9.62488014534992e-22	2.85969595121167e-20
ARC	64.84063811743789	3.47427525049565	0.3656310567213549	9.50213387683687	2.0563259176522694e-21	5.94208778356185e-20
PNMAL2	433.01342410779	1.49322337789009	0.157723206669385	9.467366340199678	2.8698810375600706e-21	8.24083030848224e-20
SEC14L5	134.746747203864	2.20115854995559	0.232627148514812	9.46217397242192	3.0160623714618998e-21	8.606459646232e-20
ZNF365	413.899473885985	1.43538417146077	0.152637637964452	9.4038678179432	5.25933546084415e-21	1.48530139808623e-19
GPM6B	1433.9725628598499	1.09773109402872	0.117747601214025	9.32274698346863	1.1336646194231e-20	3.1432802211008598e-19
ARNT2	1126.02694511331	1.57153591611276	0.16932247430174202	9.28131910777658	1.6739315338789094e-20	4.558218731518778e-19
TTC9B	118.148362431737	2.1935865401057897	0.23785012482808104	9.22255786786459	2.90095878894758e-20	7.80637181379469e-19
KCNC2	481.86255970486803	1.68590282805085	0.18432629819109894	9.14629569733452	5.89192612683766e-20	1.5639866697537899e-18
PEX5L	533.112297732246	1.4766577140307702	0.164752797811956	8.9628688170515	3.16338819837678e-19	7.99426718693114e-18
SLC1A3	2323.74090686704	-1.83328563754416	0.206752084824142	-8.86707207380042	7.509430886344548e-19	1.8566186796076e-17
DNM3	457.121940740108	1.5899674161335702	0.18015133674138	8.82573199229756	1.08746166411907e-18	2.6550735139819804e-17
KCNQ5	366.625179544824	1.51157195592425	0.171456360454422	8.81607396726509	1.1854318603389399e-18	2.88912103043815e-17
CLVS2	223.072315007259	1.85441616240252	0.21279827750450894	8.71443220381907	2.92219522448395e-18	6.90091517064771e-17
DLG2	531.046050218115	1.48496049781353	0.171584516623119	8.6543968362554	4.955251560982901e-18	1.15232734517458e-16
CADM3	1218.87635555375	1.3041165188204398	0.151448005350362	8.61098510874061	7.24353994924489e-18	1.6674750703328899e-16
PRRG3	63.4634479553903	2.97984406701658	0.346761852904249	8.593344516011111	8.4473773302705e-18	1.93484493800527e-16
JAKMIP3	74.0059897523948	2.78090743364888	0.326315029958801	8.522155519468381	1.5661090071080706e-17	3.5514892500594703e-16
SYT5	309.813447976378	1.51686917826904	0.17896551430048802	8.47576240706445	2.33544961248973e-17	5.20140704752387e-16
AJAP1	196.317339473544	2.1135087898488703	0.250032820196506	8.45292545269785	2.84093078990814e-17	6.26605942501961e-16
SGTB	415.598977559171	1.30073896427437	0.153940800678324	8.44960503351155	2.92289941152128e-17	6.436487659100791e-16
HRK	35.4895903085714	4.15566644335208	0.497139314732323	8.35915873116902	6.31670733750336e-17	1.36037642141169e-15
KCNV1	265.955621325455	1.67894511319195	0.201756681047214	8.32163328856036	8.67593799827958e-17	1.85678629316305e-15
ATP2B2	1603.30864411098	1.77841884075845	0.214375473851676	8.29581299019738	1.07845078603049e-16	2.297284668158569e-15
DOC2A	285.665598188485	1.54252004103944	0.18650260141804695	8.27076957270887	1.3309707020758899e-16	2.82202874711043e-15
LRRC7	224.31396041142102	1.89961746780172	0.23009635529046304	8.25574775143104	1.50954141718199e-16	3.17456316626089e-15
KCNB1	592.32026156248	1.88853312981757	0.22927207451093104	8.23708309808803	1.7645992639894599e-16	3.66763522289281e-15
GABRA3	143.411164540126	1.82093766720077	0.221709462878073	8.21317071252921	2.1542293677496e-16	4.46391522693893e-15
SEMA6B	368.733666224989	1.43554878164316	0.175409891136759	8.18396712032579	2.74649044297355e-16	5.639981948636999e-15
SRGAP3	352.3050102205159	1.75262873956428	0.214416554921652	8.17394319298105	2.9847039214625e-16	6.1108355175294286e-15
AKAP5	165.21732868321502	1.76249885632479	0.216400671235152	8.14460900821129	3.80509431435596e-16	7.744186749440359e-15
SH2D5	117.401239754512	2.18705648730864	0.269640049312778	8.11102242742764	5.01955887952926e-16	1.01012563224011e-14
TRIM9	544.458566146414	1.32128952073681	0.163599711444886	8.076356058744839	6.67308478921059e-16	1.3304402089929801e-14
NTM	272.362660957549	1.59114031488601	0.197236379373809	8.06717462537894	7.194361451974809e-16	1.43020564307255e-14
SLC6A17	879.637679660267	1.3964077875366598	0.173205758884979	8.062132555673129	7.497483600443702e-16	1.48830482427938e-14
GNG4	102.275470504494	2.11043277488658	0.261966715748337	8.05611036828817	7.87605244528342e-16	1.55668528633545e-14
NELL2	1021.2289658384599	1.43292511085204	0.179782384264081	7.97033100165822	1.58249935425036e-15	3.06584068672802e-14
PCDH19	160.51541161972798	2.07166675730282	0.260423065618959	7.95500487784749	1.79124451181823e-15	3.45558818005271e-14
TTBK1	171.540340317164	1.6317234193808503	0.20557328032950895	7.93742949845132	2.06414301270975e-15	3.97086612992774e-14
CREG2	857.4426168820288	1.40058046614652	0.176696231866918	7.92648746013664	2.254313950178561e-15	4.32455716745039e-14
FAM19A1	66.406187832436	2.72097562737859	0.345225118403208	7.881742904352058	3.2284577040727106e-15	6.10776038296739e-14
STXBP1	2775.7777059100604	1.29024122000702	0.16403470230189698	7.8656601432567586	3.671560782894861e-15	6.91738212425184e-14
KCNK12	71.46049371891459	2.2357801695909703	0.28802325432623	7.76249881219178	8.32721521135933e-15	1.52483779077525e-13
SLITRK4	144.01384672388	1.82089285435428	0.235041387043153	7.74711584738888	9.400318932003379e-15	1.70990927505512e-13
KCNF1	163.521604807806	1.60192645775666	0.20712466441200605	7.73411733607042	1.0412296831406602e-14	1.88896992979836e-13
GRM5	293.493978042036	1.6799776450076005	0.21808231675540304	7.70341066622025	1.32481733493105e-14	2.3970968344188394e-13
AQP4	1290.8832254761	-1.48273568884468	0.19360104829283495	-7.65871725344141	1.87799340997481e-14	3.371281223646789e-13
TMEM132B	325.653851977513	1.86252694254877	0.24321693875693695	7.65788333685967	1.89022470717131e-14	3.38879683430962e-13
OLFM1	2392.49242666798	1.23780654893049	0.16165716453637	7.65698540167087	1.90348261165903e-14	3.40740820095641e-13
PTCHD1	48.368176578614	2.83763113606403	0.371285867955638	7.642712478362029	2.12692598152848e-14	3.78344222973968e-13
SNX32	291.555570603104	1.3930629923246003	0.182285174014322	7.642217749509069	2.13511683898206e-14	3.79308629617863e-13
GRIN2B	618.453554699777	4.05027660803621	0.5327431426846709	7.602681824538388	2.9005602067230504e-14	5.113123957720151e-13
CCDC184	91.52322004172821	2.5548059887007097	0.34281709642296904	7.45238792160056	9.166572215072368e-14	1.54623817278136e-12
PTPRT	404.992513590193	1.85357077999803	0.249324008136391	7.434385456309731	1.0505521531387198e-13	1.75909692439377e-12
FGF14	94.64295871228269	1.7777377169236397	0.24290175911587694	7.31875192421131	2.50287795121894e-13	4.0618387793656194e-12
ADD2	677.016453504757	1.41457670259421	0.195354119268564	7.24108970873304	4.4509385942750207e-13	7.08889603788198e-12
TPPP	1211.2027317489399	0.912436663691176	0.127963681133441	7.1304346327743	1.0005248311344e-12	1.5537628811845698e-11
CAMK2N2	72.3401709617158	2.06866510190354	0.290480330843859	7.12153244900946	1.06733598444689e-12	1.65563997496818e-11
NRSN1	344.366426596295	1.3365159344827902	0.187918493655524	7.11221077012662	1.14198680481478e-12	1.76146320557973e-11
BEGAIN	125.184593478669	1.76528635767012	0.24841100193140306	7.106313101855282	1.1918386738353898e-12	1.83011371250262e-11
LRRC55	18.8817824611021	4.85637843412242	0.6844456112436171	7.09534600608882	1.29028256449605e-12	1.9680401209245397e-11
KCNIP4	202.25784083682495	1.4873696762797202	0.210492505481443	7.06614077721092	1.59301811394106e-12	2.41366914896578e-11
SLC6A1	705.023186840722	1.25838220214459	0.17920340942559695	7.0220885092426215	2.18575990549299e-12	3.279118666543e-11
KHDRBS2	17.319826356799098	4.76975364259018	0.686724911771411	6.94565401783164	3.76710979802453e-12	5.560140399088571e-11
APC2	526.2804335512741	1.1423616985798102	0.165680003004816	6.89498839848886	5.38691993000838e-12	7.84108844647447e-11
LUZP2	47.3376354019688	2.5052163467869	0.3633707775559461	6.89438034515911	5.4100099733213604e-12	7.866338280741259e-11
IGFL4	17.7004534826614	4.72632416511175	0.6917245839359529	6.83266761782369	8.33499263117199e-12	1.18427794677555e-10
KNDC1	358.473348116135	1.31401059723856	0.192626240467972	6.82155553701437	9.005993908578019e-12	1.27301443308352e-10
LHFPL3	37.1049658488028	2.6401939550480096	0.387232545339735	6.81810965225471	9.22462256676129e-12	1.30257376594773e-10
CEND1	383.773876476577	1.26323669414402	0.185503691555316	6.80976579793473	9.7757759488708e-12	1.37473103872365e-10
ARPP21	447.756668877546	1.18788758156334	0.176182659231946	6.74236378734344	1.55830312249547e-11	2.16252055408515e-10
SLC8A2	577.576752662313	1.26617916445349	0.18856321358048	6.714879007474481	1.88222333425667e-11	2.59103648334811e-10
CCDC85A	150.088644832218	-1.47886447969756	0.2226296893534	-6.642710071566548	3.07967265727442e-11	4.15998780933803e-10
RNFT2	73.30278420441998	1.93019728047744	0.291429314044641	6.62320908521155	3.51483297771313e-11	4.70602808364973e-10
RAPGEF4	1035.5286246559501	0.8595569069098931	0.13004336323550802	6.60977142949801	3.8491386393933903e-11	5.12358133564346e-10
FAM163B	153.10457965200501	-1.4987076676373898	0.22677074821174	-6.60891089109083	3.87157658823094e-11	5.14844509990284e-10
KCNA6	90.4879810917143	1.93767504985559	0.29468435932074394	6.5754254970368695	4.85142309032165e-11	6.40172852294178e-10
GLRA3	123.600947549504	1.62531109927735	0.24810651391174496	6.5508602480928495	5.720657602256071e-11	7.47670297500967e-10
RIMS2	286.69314435039297	1.29283377082243	0.197416530419063	6.548761484552901	5.8016203827391714e-11	7.575290217576592e-10
FRMPD4	234.085040994043	1.3931925746094298	0.213371508593287	6.52942177610525	6.60240827724496e-11	8.588146835083021e-10
CNKSR2	481.016844195146	0.985221465218791	0.152794114464426	6.44803282294081	1.1331122911280999e-10	1.4397253294602601e-09
PNMAL1	508.97422543553597	0.980071819228166	0.15265714654480805	6.42008475469895	1.36198494716693e-10	1.7177815673430402e-09
ETNPPL	238.902975446959	-1.4837451868394398	0.23167649226617	-6.40438385580692	1.50977832067972e-10	1.8885327541872304e-09
CIT	912.593381243509	-0.8286759522572571	0.129461414775962	-6.40094929976866	1.54413846345129e-10	1.92799129752893e-09
ADCYAP1R1	508.542349741158	-1.00569722077835	0.159101575391817	-6.321101587471008	2.59705215436089e-10	3.1788939551636402e-09
KCTD4	14.2662476088145	4.44824182181501	0.7052752179587201	6.307100701325611	2.84310861096845e-10	3.4707717151902804e-09
ELFN2	233.430744303536	1.37515397708487	0.218512477564225	6.29325149947418	3.10884025061367e-10	3.7850475477916e-09
FAM155A	116.365420752843	1.44519297005667	0.230601625906803	6.26705455511725	3.67941275569722e-10	4.444172532167971e-09
SCN2B	444.6577568013129	0.9802031749196728	0.157236809977977	6.23392941549098	4.5487810383410797e-10	5.422511216897979e-09
PNMA2	1284.6784337981	1.12846257812603	0.182109160931034	6.19662718974028	5.768591722005901e-10	6.8527667663759604e-09
CHRNB2	186.241764802101	1.6106018186540705	0.261208139302332	6.165971025848839	7.00519118560683e-10	8.24313605405985e-09
GPR98	256.89910193352	-1.44884612741925	0.236053057868853	-6.137798597060339	8.36728471861589e-10	9.77039205378362e-09
NCAM2	441.336230043238	1.21050888770416	0.19764225840282296	6.12474729587928	9.082764353345379e-10	1.0542934182014499e-08
HHIPL1	42.6749513029494	2.19844291880759	0.360289707418103	6.101875445074482	1.0483105566568696e-09	1.21068378537346e-08
FOXG1	185.731068832636	1.28674904831876	0.210956526640065	6.09959345090192	1.06338576613717e-09	1.2260265015808798e-08
FMN2	193.51237763720695	1.3116801658517498	0.215239594713871	6.09404681139375	1.1009144388187404e-09	1.26716177046221e-08
ELOVL2	95.036857692428	-1.66979136762757	0.275061803379724	-6.070604304598451	1.27429818742378e-09	1.4532941110028e-08
GABBR2	1007.48150817134	1.29287022899131	0.21309754546643694	6.06703482276823	1.30293315167624e-09	1.4834809125942998e-08
B4GALNT1	311.798706977835	1.0531931320122	0.174576191567205	6.03285661439554	1.6108633988354505e-09	1.8219649854541002e-08
CHD5	924.73322628055	0.886052578974448	0.147358031787099	6.0129235456578485	1.8220698372148e-09	2.04900579313063e-08
KCNS2	57.081119801461604	1.83817924991502	0.30647219370119205	5.9978663242357015	1.99926987405895e-09	2.22996738314213e-08
OLFM3	213.21864774272495	1.20680442037775	0.20194439706105	5.97592425410504	2.2878929329336697e-09	2.5353777914557003e-08
SLC12A5	1097.74961282541	0.8269987740421109	0.138863872824281	5.95546384543516	2.59335228770927e-09	2.86287774430893e-08
RND2	115.969459622033	-1.2489452232666298	0.210266079850904	-5.93983216005279	2.85314031445452e-09	3.12635703096668e-08
CBLN4	109.12738672450001	1.45977171417046	0.245843351969505	5.9378124422560505	2.88850214282694e-09	3.16004902957672e-08
GRIN2A	423.89690594641604	1.42781881826785	0.240506900890173	5.93670623580095	2.90805044730435e-09	3.1788960077196903e-08
HCN1	227.15375904872502	1.18228105219308	0.19933067969324306	5.9312548074011096	3.0062824541769896e-09	3.28103990237946e-08
DLGAP1	940.791923201289	1.05625972533445	0.178495775280758	5.917561486668509	3.26749726605428e-09	3.5547982568026603e-08
HTR2A	222.38524451374298	1.22881904585128	0.209360954104024	5.86938023429492	4.37427202664464e-09	4.6698678058419e-08
RORB	280.083118413885	1.35574924415695	0.231129859417772	5.86574684712806	4.471155333943521e-09	4.76586884116921e-08
RPS6KL1	125.125542477564	1.20045700114741	0.205866947786098	5.83122747025285	5.50211177578559e-09	5.81051850369586e-08
DACH2	53.0863882883041	1.84923026461934	0.31763175978702	5.821931238423059	5.8171483614602e-09	6.12903700822464e-08
CUX2	183.88149054645402	1.35616230640228	0.232989555894101	5.82069999317345	5.8601674900456395e-09	6.1696167648851e-08
RUNDC3A	971.153783975859	0.8051321078729291	0.138445043456887	5.8155358095117	6.0439972420838495e-09	6.348514587793128e-08
SYNPR	316.967895938117	1.03382254770374	0.17920855243088898	5.7688237178436506	7.982675206428019e-09	8.327395453346891e-08
SLITRK1	210.000463921754	1.14380310435344	0.198550540823386	5.76076549381386	8.37333084701864e-09	8.71500855711355e-08
KIAA1467	317.899374736938	1.04417763712554	0.18180583455225	5.743367036031259	9.28122477548796e-09	9.58709922698783e-08
XKR7	18.907054790120302	3.15360993332469	0.551807947373545	5.71504986170461	1.09671861702448e-08	1.1243828516006201e-07
STAC2	133.48128649335501	1.51158107905797	0.26492092597437805	5.7057821064847	1.15810072240289e-08	1.1784922432951201e-07
SYT17	88.17897006346772	1.74911236146405	0.309910389210878	5.64392941429876	1.6621224015094298e-08	1.66784546032782e-07
ATP1B2	502.546840467984	1.14836154037003	0.203780020301531	5.635299960569309	1.7475388993018702e-08	1.74588186022886e-07
KCTD8	32.3826319452873	2.13483558413602	0.380386876951394	5.6122745380850985	1.99684295594766e-08	1.9776397662773e-07
ACSL6	396.226619126931	1.03740506862164	0.188928487255788	5.49099335780479	3.9967938676920095e-08	3.8096092975488796e-07
B3GALT1	44.8479100445374	1.74732608870487	0.321025637516395	5.4429487383718085	5.24057315786771e-08	4.9367352505718e-07
CDH22	136.116769106229	1.17640382585932	0.21681571314617604	5.425823658205969	5.7687892181328795e-08	5.39720668857691e-07
PCYT1B	55.720851130384	1.59495312115478	0.294714897747761	5.411851023967791	6.23765744660635e-08	5.812054016746069e-07
CNNM1	170.417194855986	1.23810630174673	0.23004469019221696	5.38202512178054	7.3652482645626e-08	6.80279838996133e-07
VSTM2B	85.57048361257141	1.55222997253126	0.28843935470928994	5.38147776018881	7.3876832099324e-08	6.81867229962561e-07
CACNG4	34.1543403734242	2.06018962296711	0.3832896823805631	5.37501977661266	7.657427689681308e-08	7.053381779795891e-07
POU3F2	46.758872496874396	1.8336330087931696	0.343503337500128	5.338035496649249	9.39590666388599e-08	8.50599693160914e-07
SALL3	8.76380629162395	-3.9249758872118106	0.737424659709681	-5.322544934633791	1.02325496914121e-07	9.2207390212679e-07
SLC30A3	246.43658282898997	0.8653856242318109	0.16296051011663	5.310400805768579	1.0938440715829e-07	9.805223984601419e-07
VWC2L	18.491620779309606	2.71722806463143	0.5141276486696661	5.285123396227388	1.25620051813939e-07	1.11655927949093e-06
OR14I1	8.35283685833982	3.809406186408391	0.7316640573800601	5.206496271046981	1.9243955959761696e-07	1.67142970691728e-06
C19orf26	72.3494713987299	1.5328580816215198	0.294501425705759	5.2049258435611705	1.94074090653901e-07	1.68455818738053e-06
CAMKK1	358.430432870571	0.916405582302202	0.177048700886784	5.1760085090271915	2.2668312296353196e-07	1.94663243588181e-06
CNGB1	15.9140105423693	2.8866747634427297	0.559623509342292	5.15824427539749	2.4927626927782504e-07	2.12258184058872e-06
NRN1	586.5703283882859	0.723906112369677	0.142277579509771	5.08798445168912	3.61889032011484e-07	3.00048067279739e-06
PLCB1	694.972729091332	0.930056824702486	0.185445957258958	5.01524454050916	5.29660560012468e-07	4.27757116184598e-06
DAGLA	207.035156315438	0.923364858876295	0.184812701633628	4.99621969006639	5.84650541826409e-07	4.69674983659609e-06
RGS6	82.59249711803879	1.24906081641794	0.250256421633816	4.99112393705372	6.00289630474671e-07	4.81109834324843e-06
GRIA4	332.773952047104	0.8564744185099129	0.172159314953942	4.97489443855562	6.52832054591138e-07	5.21086285066131e-06
GSG1L	49.9002864090285	1.8222004395311	0.366759012123781	4.96838626808196	6.75123779832516e-07	5.376261867654631e-06
JPH4	897.072294457119	0.754926020896571	0.151969969802324	4.96759999280479	6.77866070608687e-07	5.394963143014061e-06
PURG	24.7945664374482	2.14253510760588	0.431519100770916	4.96509912024337	6.866599073783628e-07	5.45544127109132e-06
MAP1B	5345.00212535997	0.95375386677077	0.192610238425416	4.951729848671009	7.355667177582941e-07	5.83047299371259e-06
LIX1	24.0136614665485	2.13140797796	0.432638531253471	4.92653294607102	8.37015045516787e-07	6.5888477462318495e-06
OSTN	9.21833277450708	3.50153793665554	0.7139485764219821	4.90446798592109	9.368089831552259e-07	7.31095788621991e-06
KCNJ3	259.065095230831	0.8432909298652721	0.17454881419802598	4.83126129352307	1.35670811551437e-06	1.03583227749165e-05
NRXN3	492.905874933092	1.1349446516743795	0.235352976094166	4.82230847686532	1.41906260669694e-06	1.08102895016285e-05
RANBP3L	100.021137777182	-1.73417808408445	0.3639983248124191	-4.764247431573018	1.89559784921787e-06	1.4172491124856501e-05
PRRT2	770.7839758506329	-0.623837743066778	0.13138923745069	-4.74801250978341	2.0542533315449198e-06	1.5283600153270402e-05
CDH8	220.51493741961895	1.0163500992416898	0.21407213021711896	4.74769928346522	2.05743632533527e-06	1.52906702919789e-05
ADAM23	482.93860343929197	0.8061017920788291	0.170529087185695	4.727063314430558	2.27790254280641e-06	1.6837793377668302e-05
CABP1	625.970553679728	0.6846839805163111	0.14499182593405602	4.72222469167134	2.33278751902735e-06	1.7197088615779094e-05
SHISA6	34.4570518814325	1.78482932422263	0.378445990832615	4.7162061891469405	2.40282934660443e-06	1.7675377852009e-05
SRRM4	283.398717548429	1.00925676517904	0.214118121483913	4.71355137147914	2.4343631615603e-06	1.78916558825982e-05
GRIK3	162.091001144574	1.19156191024425	0.252870124725134	4.71214981026114	2.4511706977154098e-06	1.79923285351597e-05
GAD2	287.737717742671	1.01892457554231	0.216302334956522	4.71064991391387	2.46928085335447e-06	1.8086491897538106e-05
NECAB2	127.345444969149	1.32833913851094	0.283079790062935	4.69245486657887	2.69946101113368e-06	1.9656840759967106e-05
GPR75	39.7839093911741	-1.6211704918031	0.349558082970128	-4.63777143423013	3.5218593707609705e-06	2.52427565679293e-05
NTRK3	136.54642757436199	1.20992464268513	0.261145888401809	4.63313686495226	3.60166254019357e-06	2.57205275354699e-05
GPR37L1	286.13103546951197	-0.7872556514951659	0.172270657546339	-4.5698766273264	4.88011413846509e-06	3.41957473158644e-05
KCNK4	11.4278860948565	-2.7763749849813504	0.6075423488726222	-4.56984602000715	4.88082689658428e-06	3.41957473158644e-05
PDZD4	1269.9053856435698	0.6171318578861961	0.135198187646824	4.56464593666239	5.003380476471859e-06	3.4909267759363104e-05
MTMR7	108.50611432119499	1.06313184938714	0.23342066778661105	4.5545746204403885	5.24916894982853e-06	3.64039833447096e-05
CABP7	12.033693779917801	2.8262732196107203	0.62374163802976	4.53116009464784	5.86606616239304e-06	4.03009437194248e-05
WASF3	681.715709677045	-0.63159564900699	0.139390408408082	-4.53112704252876	5.86698414079967e-06	4.03009437194248e-05
TUBB4A	2585.55418694052	0.607636638003506	0.134264928386862	4.52565420697728	6.020895921903241e-06	4.12134989716685e-05
SLC25A48	31.281482601862802	-1.6666167839568895	0.369618808712559	-4.509015084383781	6.51292785307448e-06	4.44039685433356e-05
GPR137C	92.4984120710198	1.09740357624438	0.24357194742325305	4.50545963052727	6.62294297219969e-06	4.5064306949935e-05
MEGF10	118.552645483314	-1.05228889778014	0.233924753633272	-4.49840763508866	6.84643294077046e-06	4.64005898019461e-05
SOHLH1	49.596507940322894	1.51984302497275	0.338023034859718	4.49627057399652	6.9155723518739395e-06	4.679970084170821e-05
NXPH1	59.2910694806299	1.46188650400656	0.328642411822734	4.448258810841139	8.65691831606444e-06	5.7504272635855796e-05
NUDT11	64.7062658170683	1.1921381117103895	0.268330420170467	4.44279896015158	8.879612713674301e-06	5.8812405870017796e-05
POU6F2	24.137078939964198	1.92396574056064	0.433199930303124	4.44128820430414	8.94219332333507e-06	5.91411018588704e-05
PSD2	313.842568914622	-0.782367829245895	0.176195043056731	-4.44035096375548	8.98122858153166e-06	5.934196231608249e-05
CPE	2929.401009726961	-0.575697186424208	0.130795948724822	-4.4014909638784	1.0750954627119501e-05	7.00061856259851e-05
IGSF11	127.423816828824	-0.947496423940513	0.216558206075822	-4.37525061326364	1.21293043119498e-05	7.83656043211212e-05
NSF	2167.51724685594	-0.5561969162046679	0.127154144696945	-4.37419415254052	1.21881869611179e-05	7.867181753366271e-05
FAM171A2	132.156126734946	0.925081884505362	0.21222693235704	4.35892784309322	1.30701195040415e-05	8.357676323382671e-05
CAMK1G	324.24529970296396	-0.907729404568992	0.20869751505495104	-4.349497905281631	1.36449587161947e-05	8.70899345460012e-05
NRGN	3932.316151871521	0.587608795244405	0.13514135857223	4.34810483964716	1.37318963297757e-05	8.753609267190541e-05
LRRC4	303.532086843783	0.7290207560855291	0.168094903444786	4.336959307781701	1.44467357393439e-05	9.17371068251244e-05
STMN4	406.361865095527	0.89029568715371	0.20636762794480495	4.314124729833259	1.60236465370047e-05	0.000101094374305552
EIF4E1B	8.08296115468976	2.9981975064932205	0.695419493412316	4.31135096858089	1.6226011987012806e-05	0.000102323980748672
SCN8A	439.06022882512605	1.12457733807378	0.261180926714568	4.30574066881529	1.66427938004719e-05	0.00010475935049865
SEMA5B	79.54289860550641	1.07820924231989	0.251078488460081	4.294311507659541	1.7523628784633e-05	0.000109950134431112
CELF5	467.071691174393	0.72603874430899	0.169322808516803	4.28789689155753	1.8037278007485e-05	0.000112914349574279
KCNN3	49.144388347865494	1.63520851844399	0.381434668851342	4.2869950006597	1.81106367511333e-05	0.000113270041817476
ATP8A2	327.821554318415	0.802686449852899	0.18740459759595496	4.28317373292779	1.8424619482244197e-05	0.00011507615734076599
NTNG2	113.122595593592	1.0017658441464998	0.234268428067629	4.27614532786	1.90157115580043e-05	0.000118443929608907
ANKS1B	434.413657847592	0.611436933047062	0.143286535454057	4.26723230560008	1.9791303864283894e-05	0.000123051061747207
ADORA1	154.33183170175502	0.8214957726954	0.193508840781086	4.24526222874099	2.18337927501767e-05	0.000134832037555983
KCNN1	170.810289459764	0.851167803346355	0.20187230237107	4.21636744292829	2.48269112165084e-05	0.000151606867112133
TMEFF1	15.645636128984401	-2.245925738615	0.533280276131089	-4.21152973237458	2.53647160757065e-05	0.00015475301384808502
CPNE4	171.165414407614	0.797141831195239	0.189565372686174	4.2051025453626005	2.6096380935763502e-05	0.000158863168745401
KCNK9	30.274136682362197	1.5562945287061298	0.37019345167217	4.204003397889201	2.62234997322207e-05	0.000159566093217338
TTLL7	500.554437685738	0.6982857314710981	0.166551296559886	4.19261660457875	2.75755261449442e-05	0.00016705085431548
FAIM2	3812.50882041377	-0.478637808610574	0.114183173796683	-4.1918418686000605	2.7669883917970802e-05	0.000167474326126578
HEPACAM	799.332739827612	-1.96337504199415	0.468757413845885	-4.18846717726721	2.80844919042135e-05	0.000169534281891588
VSNL1	3056.37831200753	0.47238893010467	0.11278911259231597	4.18824937307692	2.81114528101347e-05	0.00016954758658758898
SLC39A12	69.3958324022578	-1.3903517790993	0.332055581114338	-4.18710558766531	2.82534407417018e-05	0.000170328951513684
LHFPL5	13.7696459807686	2.270673419795	0.5439622933125229	4.17432135960651	2.9887562962330297e-05	0.00017939086323183104
FREM3	57.813399464603215	1.8502479935150304	0.44603994925217705	4.14816654117446	3.35148563591269e-05	0.000199848927971685
HPCA	537.722312731333	0.905023341504952	0.220034155580412	4.1131038911557	3.9037459500192296e-05	0.000229384848894952
PRR18	31.343210811437	2.2998566886721497	0.55965513167797	4.109417672588241	3.96658091349216e-05	0.00023277745832091696
KCNIP1	56.95061641791099	1.25303762079516	0.30517914896563897	4.10590836576532	4.0272911939833005e-05	0.00023603683133927798
TMEM179	73.0793679197273	1.02880954293977	0.251157285660631	4.0962759261936	4.19849477771778e-05	0.00024554561473270897
NRG3	104.39581837703501	0.9974919948999608	0.24430060492804695	4.08305167804947	4.444813375852871e-05	0.000259066420464071
C10orf90	29.433862611177894	-1.85908615322128	0.456556382258978	-4.07197495306664	4.66161930859239e-05	0.000270208208505247
GPR173	58.9278366291105	1.2161670637454098	0.298731411266687	4.07110540732423	4.6790569391156e-05	0.000270989610549963
UBE2QL1	409.407819100309	0.644103283645391	0.158590820493039	4.06141592333626	4.8775984406859996e-05	0.00028118041179325
NLGN1	80.289131011316	1.28092207939712	0.31682983886273103	4.04293384737694	5.2786517321477396e-05	0.00030213828990901604
SLC6A7	432.35034223027003	0.7126850199324108	0.17767305306680806	4.0112161502871695	6.04067732027479e-05	0.000342321709788183
PRKCG	422.44603482843	0.798212274558166	0.199435807309374	4.0023518611176	6.27159357646033e-05	0.000354967013292467
PCDH9	512.5204501391739	0.622151167477404	0.15546742707971806	4.00181040597261	6.285966017343499e-05	0.00035563352556610496
MMP16	115.98618160239	1.0077826269211898	0.25278374872539	3.986738198174221	6.69878721354464e-05	0.000377119969025569
BAI1	412.094223870896	0.7992616873365709	0.202302993142792	3.95081493812812	7.788553329043729e-05	0.00043295379443146096
DLGAP3	259.438494860918	0.8234214247745051	0.21107547106292	3.9010758598712303	9.57661327254297e-05	0.000524054622429169
ITPKA	165.57718836240298	0.755970334742624	0.194985012284645	3.87706893922204	0.000105722409368338	0.000572589893680557
CCK	470.309101400286	0.607450519655635	0.15670179958219102	3.876474432809701	0.000105980940542325	0.0005736247758189731
PPEF1	30.7698424392485	1.6944102833631798	0.437607581619173	3.87198566600186	0.000107952302121858	0.000583513292092775
CHN1	3706.26968804617	0.45552507652896	0.118445249625142	3.8458703744608895	0.00012012526000047	0.000642215334202359
LRRTM4	87.8513552002964	0.9695142932836592	0.252568905308742	3.83861303947339	0.000123731249242994	0.00065969128878213
FSD1	150.572111150622	0.7662300971495992	0.19969177954185505	3.83706379354989	0.000124514135198175	0.00066283331123568
PTPRN	896.932275682519	0.634396000211251	0.165507159802793	3.83304263674848	0.000126568005988016	0.000672087856877902
C2orf80	133.662777442141	-0.7820857292741321	0.20650789463755606	-3.78719530624617	0.00015235734152741398	0.000795895692944696
ROBO2	192.85784720070305	0.985757798451453	0.264754709673684	3.72328711231019	0.000196645680377729	0.00100464598438409
ATOH7	7.531959135355329	2.47391337683937	0.666797695232383	3.71014086360511	0.000207143958037292	0.00105278322569083
CASKIN1	508.551031364859	0.5888675763501539	0.161305881970912	3.65062680390256	0.000261601117467531	0.00129918437489223
NWD2	127.22361168897801	0.9449382162934608	0.260043711389298	3.63376684344749	0.000279313287056981	0.00137466399651424
GALNTL6	19.6391634224145	1.63229191054376	0.44920048939933294	3.6337714429618	0.000279308305335325	0.00137466399651424
CA10	325.519056214657	0.691819461482459	0.190546355763221	3.630714734540161	0.00028263743997810497	0.00138954953890169
RHBDL3	51.1040254535964	1.1736109509187	0.323294301321734	3.630162814873581	0.000283242497624388	0.00139202457479772
AMH	5.21506702723287	2.69633099871794	0.7435018994398771	3.6265287294480895	0.00028725687225156	0.00140771283693367
RGS7	220.390727743788	0.7712670825329849	0.212701784628302	3.62604894867611	0.000287790825318387	0.00140962262758883
MAP6	360.54082540240194	0.5740893700403199	0.158506392921365	3.6218688688798	0.000292482379970508	0.00142973988524484
NRXN2	834.429315476003	0.5353555428036071	0.148051397266538	3.6160114168987	0.000299177186185628	0.0014609019319731
FNDC9	31.620680999070306	1.46851535681232	0.406706495928778	3.61074969667925	0.00030531320617291	0.00148715326634081
ADARB2	32.9723856324957	1.6035414434826498	0.4443221629359021	3.60896119357877	0.000307425588500463	0.00149531544236181
TMEM132D	157.01874227896099	0.929942444052092	0.260496064942542	3.5698905634417497	0.000357130392989258	0.0017109531279377
SEZ6L2	704.442149874869	0.4994864636236861	0.140308863787371	3.5599066954218	0.000370986582475036	0.00177114089235293
SYT2	59.23675918748821	1.5009540615552102	0.426323024285914	3.52069669253564	0.00043041463913990897	0.0020300927383950893
SYNGR3	427.00517176698196	0.524040212874903	0.149593818693515	3.50308734312443	0.000459898633630146	0.00215653255215067
PPP4R4	159.001122790957	1.00037394106875	0.28568780526242105	3.50163333065565	0.0004624155334367031	0.0021671246373195893
CNTN2	463.468133807927	0.9386439860901	0.268152264976861	3.50041416271869	0.000464535816485297	0.00217529814646124
GRIK2	159.184227873269	0.7142254572860269	0.204127956324383	3.4989105370312	0.000467163298610808	0.00218685430658655
GPR88	18.8479545049418	1.6480775134576398	0.471162048334496	3.4978995428078403	0.0004689377294535609	0.00219366122961934
GRM2	110.42604732912399	0.8431968927496519	0.24112349877411104	3.4969503057002904	0.00047060948974154406	0.00219980150995513
AMER3	75.2892367199045	0.8676330778031729	0.248116287481593	3.49688078364279	0.00047073214760009406	0.00219980150995513
JAKMIP1	208.28917779657502	0.657279627435948	0.188272857721838	3.49110134827316	0.00048103374253606395	0.00224029893625177
BAALC	791.947621540902	0.478330900812492	0.137409828538727	3.48105303601105	0.000499446586027773	0.00231817007415195
CACNG7	247.336918939969	0.625671580492552	0.18093653675580695	3.45796151352761	0.0005442791309682282	0.00250335502245528
LINGO1	734.139934465739	0.617670015318391	0.17914078634491498	3.44795860239856	0.0005648406032487491	0.00258836458437541
WBSCR17	566.699467757208	0.5175967359553689	0.150116197885091	3.4479739245166003	0.000564808561949957	0.00258836458437541
KCNJ4	219.03863136930198	0.611258679448038	0.177386398916597	3.44591627758022	0.000569126653989442	0.00260539030069966
C1QL2	33.3434024616342	1.19776680722397	0.34795652693864004	3.4422886610636403	0.000576814378198192	0.0026370582570696397
LRFN2	39.6077412951134	1.1716629981798898	0.34142952507282304	3.43163936373104	0.000599944786292131	0.00273095504747203
C2orf82	38.5519539910496	1.46926255908347	0.43434558744473295	3.3827040070262497	0.000717759459589996	0.00321069605421429
SOX10	83.91690297472759	1.18733722947886	0.3534072179502289	3.35968585012341	0.0007803114741180942	0.00346223720796746
SHD	43.0972590908092	-1.14662455383692	0.341802750342175	-3.35463817271523	0.000794688545359166	0.0035203263278733798
AMER2	301.55024914692297	0.809567758350212	0.245333080074612	3.29987198670477	0.0009672894013855832	0.00417421642431579
RFX4	51.292145035521	-1.05521507802904	0.32339150888488105	-3.2629647007976	0.0011025325164176901	0.00467824903264348
LRRC3B	25.400311838990607	1.3827647077725902	0.424655461441051	3.2562037541687	0.00112912691207125	0.0047748228819512
FAM169A	369.486410695213	-0.5516594438705861	0.169551690291495	-3.25363576689897	0.00113938265328752	0.00481224921433214
NPAS3	99.338149686789	-1.08375988775875	0.33457941016041	-3.23917089589929	0.00119877722350075	0.00503515842695178
LMO3	1357.92733942907	-0.457325180353893	0.14150393726596	-3.2318901451790696	0.00122974322704824	0.0051441458255244606
MMP17	135.932309127318	0.6905789147214849	0.214959745735796	3.2125964438489105	0.00131540975801309	0.00546803261168596
NR2E1	54.68004419414601	-0.976621989293748	0.304289448299151	-3.20951644808143	0.0013295843927308	0.00552025384275048
CACNA1I	182.441873196528	0.7493499961623041	0.234522074985708	3.1952215850383	0.00139723520160842	0.00577661652774844
RIT2	36.4183850359777	1.14737124922022	0.361178092051389	3.17674652607935	0.0014893714567769199	0.0061150841856934795
BEX1	667.092407401943	0.42941422620019504	0.135434140636151	3.17064976514181	0.0015209840529378199	0.00622621595131181
PTCHD2	40.5949298131275	-1.06404161340166	0.33587090068039194	-3.16800774120704	0.0015348743348064199	0.00627932310748014
MGAT5B	415.207085231064	0.638668132603954	0.20286488632616	3.1482438591029704	0.0016425460390483901	0.00665226289084735
BSN	1402.31662282087	0.7010164697226651	0.222880891924246	3.14525154521066	0.00165944080153958	0.0067107648829901395
FAM81A	288.03301292608603	-0.5785618751405761	0.184782406967857	-3.1310441542262994	0.00174185969475761	0.0070191974813459896
ERICH3	391.795746774223	-0.46941731773177	0.150094414816449	-3.1274802483878	0.00176311666188085	0.007091904032711459
BEX5	158.098895288965	0.650381279194592	0.2090481173178	3.11115587903558	0.00186356537810732	0.00745134535694133
CGREF1	150.66911656205798	0.6333255709406529	0.203575775333977	3.11100655223663	0.00186450802141186	0.00745204737942173
KCNJ10	446.777943518765	-0.7987960877941259	0.257040891000736	-3.107661526865149	0.00188573903804439	0.00752153977987597
DPF1	114.86703919871401	0.688099556149416	0.223403315904074	3.08007763163585	0.00206946646222288	0.00815932128182692
RNF165	139.004742788554	0.797706544152452	0.259968356510767	3.0684755439434097	0.0021515393815198396	0.00842711893299321
GABRG1	208.36797586704895	-0.7427369904325509	0.242347375448625	-3.06476184880329	0.00217843386033048	0.00851298390440701
ZIC2	42.2136964820954	-1.1539739088563798	0.376969239886358	-3.0611885182044705	0.0022046024022701607	0.00860052381198928
DPYSL4	147.997303347768	0.599792518910018	0.196021677200566	3.0598275021201897	0.00221464505678822	0.008634783188963371
LRTM2	106.53275109454799	0.689987021340135	0.227160006448323	3.03744938260996	0.00238589471459194	0.009246238360916693
EXTL1	221.743374973545	0.543020409120835	0.178961424048572	3.0342874840639	0.00241104555796467	0.00932883926763901
STMN2	2109.54612254428	0.4572170457023621	0.150716190757389	3.0336292564503102	0.00241631175189916	0.009346574997391359
NPTX2	192.832626695441	0.811927758923922	0.268249172178051	3.02676706262118	0.00247184360177902	0.009531768528594359
GPRC5B	937.310766074543	-0.6594620891800279	0.21822579372952694	-3.0219254924437404	0.0025117236344728397	0.0096692182746977
KSR2	290.442259731357	-0.526039943290239	0.17498343698527402	-3.00622705984743	0.00264511400068948	0.0101032142965543
MYO16	43.9317091356283	1.00128173158472	0.333197949159284	3.00506570977141	0.0026552347982345802	0.0101320873362126
CYP46A1	336.420391622558	0.4971235323105229	0.16566640883479405	3.00075033802577	0.0026931527749809	0.0102609495296004
SCG3	843.140198312185	0.488925504073399	0.16349221640353698	2.9905124221119905	0.00278509801126619	0.0105321610878832
PSD3	1898.19724443894	-0.4772181063084761	0.16037434396410902	-2.97565118280562	0.00292367201782395	0.0110128776021998
SNCA	850.239622385365	0.440450012295594	0.14813741825678695	2.97325292609124	0.00294661530507645	0.0110848090726812
SNPH	629.713180616698	-0.392235949671719	0.133323292051291	-2.94199118276214	0.00326109212171433	0.0120852756469484
CNDP1	141.934912480981	1.02198944782087	0.347752475289481	2.9388416199486	0.0032944137416552896	0.0121941662577698
TMEM63C	200.98530997144002	-0.6150856347967378	0.20937306739136	-2.93774955136431	0.00330603978285234	0.0122286867150226
GPR61	51.0227720270893	0.957874621892061	0.326718306959849	2.93180578341383	0.00336997423807921	0.0124115453452463
GAP43	1332.7732152940598	0.4194496812438249	0.143304857171965	2.92697462962115	0.00342276800472333	0.0125721784287196
RNF175	68.3806234036536	0.759253625060793	0.260468149354013	2.91495765199629	0.00355736809661317	0.0130142283171236
SLC35F3	45.9059819701338	0.947309990809244	0.325286459591324	2.91223308833514	0.00358854743184704	0.0130999627600739
CDH20	78.7264881979095	-0.919333749193874	0.318778573725373	-2.8839257872641	0.00392751298192385	0.0141827432938073
TMEM145	136.601227277256	-0.6161492017610981	0.213860589604898	-2.88107875742519	0.00396316597172704	0.0142926498985638
ISLR2	78.98978128642379	0.8311701282146371	0.28979625337917303	2.86811895779454	0.00412920247933439	0.0148134327814152
STX1B	1332.02185445234	-0.37377727703041097	0.130815707403719	-2.85728131925986	0.00427286949366102	0.0152573746210964
DLEU7	16.348922882530402	1.32562026123669	0.464152154111041	2.85600368218815	0.00429010158738005	0.015308218899421
SNTG1	50.0569866818979	0.8869997905363041	0.310908900699208	2.85292504827464	0.0043318837412315	0.015427408113273
TRIM67	11.980927166222699	1.5494955671026298	0.546043169759602	2.83767960651317	0.00454427720853117	0.0161084277756862
SLC24A2	1210.8965203107598	-0.4303430015474939	0.152248679855831	-2.82657952735616	0.00470480599281115	0.016574518437123
RNF182	55.8473118666429	-0.91474278847831	0.324156566136432	-2.82191657994461	0.00477375929201558	0.0167613896495097
BRINP3	80.86452560254699	0.6906280574728849	0.245175419059911	2.8168731601275403	0.00484936728172837	0.0169920142383816
PNMA5	57.1641780243957	0.9584734825340552	0.341135173825537	2.80965891551317	0.004959402833452279	0.0173509426844945
CLIP3	1967.20846838655	0.36170466862435496	0.129921081511921	2.7840336950332896	0.00536874565093316	0.0185889068361226
GPR26	122.434730498866	0.875917862647443	0.316300727250764	2.7692565561286604	0.005618437415340029	0.0193016647298501
FAM181B	45.31729851785	-0.9260800911588992	0.336303534642634	-2.75370311567786	0.00589251936072113	0.0200920681313909
NELL1	108.31935955841298	0.614153577677504	0.223400660799178	2.74911262786991	0.005975684923347	0.0203300934910789
KCNA2	172.96750689052502	0.7451436202140501	0.272492706328256	2.73454519298736	0.00624665197080549	0.0211416832330424
STMN3	1060.93625728363	0.38309333437414295	0.14034359489130802	2.7296816407677	0.00633955140140171	0.0214084900258874
FAM184B	85.425057578975	0.689117586506878	0.253667079051919	2.71662207442312	0.00659518685374757	0.0221190672964264
KCNH8	92.22843320549721	-1.03348249138772	0.38136377244017294	-2.7099650414483305	0.00672903000400746	0.0224689234434155
PTPRD	858.086410600585	-0.38717809837364	0.143271715411974	-2.70240429006046	0.00688400004905238	0.0228859584155025
SHANK1	525.450172576612	0.513687605997064	0.190159322219067	2.70135379113986	0.006905783580689001	0.0229416729819785
GFAP	3383.2463794407204	-1.25688468274234	0.469880071928902	-2.67490527440908	0.0074750367476269204	0.0244765905647253
NPY	81.7161503922382	-0.682810313648316	0.255690127329429	-2.67046021987619	0.007574734645048721	0.0247675197978592
NEFM	1637.4511233325195	0.518557671223963	0.194358643393132	2.6680453319231603	0.0076293963358755	0.0249196098786855
SYT3	146.035983746292	-0.519653332441185	0.195420106736117	-2.65916000722942	0.00783357499477363	0.0254860989794333
EFNA3	49.6264599910242	-0.8547979192501949	0.322317637330762	-2.6520358188559303	0.008000805376740291	0.025956189304882003
MYT1	20.348681783575106	1.15526599595519	0.436527858474504	2.6464885883627205	0.008133224931125841	0.0263172175482236
SERTM1	110.14833641141199	0.611476527132166	0.231111674926872	2.64580544157126	0.00814966746505582	0.0263579681862738
GABRA2	272.698079167544	0.504964653441204	0.1922673455919	2.6263672174110297	0.008630165652862	0.0276637910009948
CSRNP3	571.836287968463	-0.426424568181373	0.162531699244643	-2.6236393895046897	0.00869958393296693	0.0278667448853714
ALK	16.4405275983619	1.3620259405657602	0.519487315739067	2.6218656342514	0.00874499011386432	0.0280056417090483
KCNIP3	204.626847684842	0.48846013416405	0.18797816062803105	2.5984940619278	0.00936336644830368	0.0297287969963875
SCG5	675.468399452568	0.35940700970699496	0.138683690253534	2.59155931782567	0.009554206911787471	0.0302561790843053
FSTL5	79.7251844645906	0.794892578771602	0.30701638905147804	2.58908842367474	0.00962303807463155	0.0304614634869952
TAC1	38.1457733751448	0.86140868573659	0.33560757214984605	2.56671409473436	0.0102667224471937	0.0320911221723442
CCKBR	129.752560625482	-0.556234538101374	0.217575341200058	-2.55651460792114	0.0105726631796739	0.032867400719926006
RFTN2	106.158988334152	-0.7765927039179219	0.304092893079027	-2.55380089963531	0.01065541666401	0.0330796106180744
FGFBP3	9.90559482532006	1.52341069585651	0.598441394409033	2.54563054977321	0.0109080567319481	0.033733947405169
KCNC1	306.549002592862	0.42131079323292703	0.165754183049559	2.54178075920388	0.0110289329251909	0.0340309291003245
OMG	326.297591393051	-0.5349885492148909	0.211367148838506	-2.5310865579383304	0.011370978375063	0.0348976676682137
FBXO41	741.2406649802409	0.36685478111664704	0.145486870165871	2.52156624648254	0.0116833673955121	0.0357203310750735
SYT16	38.6950438302769	-1.06310452780529	0.42225618520615693	-2.51767662630271	0.0118131723169726	0.0360769278094925
MAGI2	305.316878484907	0.40590301014920704	0.16161630818482906	2.51152259761438	0.012021158918261	0.0365978692383687
FRMD5	79.96718884798891	0.6301808521572111	0.251363274283134	2.507052209414569	0.0121742727970556	0.0369601510720838
ANKRD24	209.675024268448	0.4348182950422511	0.175889130812326	2.47211577562574	0.0134316009723853	0.04015116510667
FAM19A2	183.624166178793	0.540160310908973	0.21919596738209696	2.46428033033737	0.0137288688999397	0.0409058771639055
GRM7	71.2352796296914	0.661587155406558	0.268810942715518	2.4611615461901497	0.0138487993508098	0.0412273429054644
SPP1	479.46647238200796	-1.39461964524858	0.567929607560179	-2.45562060277127	0.014064155210111	0.0417776477798504
SYT9	55.0909316906962	-0.7404856702900571	0.302457333330662	-2.44823182872051	0.0143559252833454	0.0424696156384502
RESP18	1.93217535780564	1.91729168253978	0.7844437211379391	2.444141792299	0.0145197187556851	0.0428638246887694
NIM1K	51.304236182935114	0.7102422720578091	0.290627271943841	2.4438252725128	0.0145324628333909	0.0428712348543947
BTBD17	4.26987575161668	1.78467934368436	0.731400146836044	2.4400861162042298	0.014683761076848998	0.0432337651482376
PSD	904.317251002447	0.407376460280822	0.169886333868039	2.39793543721566	0.0164877710814622	0.0476239984189769
GABRB1	42.58913017721179	-0.902835031486246	0.37877947567826703	-2.38353736001554	0.0171471438705947	0.0492688125855959
NKAIN1	27.2999220925523	0.9443276672949028	0.396261844831948	2.38309006938427	0.0171679932695383	0.0492976947196785
EPHA5	213.525078629385	0.5987070890996651	0.25150485593696603	2.3804991234432404	0.0172892021716706	0.0495522498734823
NTRK2	1231.91420113308	0.5427507397638429	0.228122337275629	2.37920909563567	0.0173498312872484	0.0496844321851226
